Lynnett,ldimitriades0@godaddy.com,Female
Thorin,tbernardotti1@imdb.com,Male
Wynn,wtoohey2@amazonaws.com,Female
Gayel,gmuschette3@globo.com,Female
Marena,mgildroy4@pinterest.com,Female
Greg,glympany5@globo.com,Male
Yelena,ycorr6@google.fr,Female
Lindy,lebenezer7@dropbox.com,Male
Calla,cnortunen8@guardian.co.uk,Female
Inigo,ileguey9@clickbank.net,Male
Frayda,fchatera@vistaprint.com,Female
Rolfe,relsmereb@arizona.edu,Male
Giuseppe,gmarchenkoc@sun.com,Male
Tish,tstringerd@mtv.com,Female
Samuel,smissone@exblog.jp,Male
Mariya,mgerlingf@mapy.cz,Female
Roanne,rbridgwoodg@blogs.com,Female
Gayla,gstuckleyh@noaa.gov,Female
Rik,rpeabodyi@t.co,Male
Joycelin,jcalbreathj@cbslocal.com,Female
Danyelle,dawtonk@sourceforge.net,Female
Tildie,thuginl@virginia.edu,Genderfluid
Thaddus,trylesm@wsj.com,Male
Yolande,yeidelmann@wikispaces.com,Female
Mattie,mwhetnallo@sina.com.cn,Male
Barret,bkerfutp@loc.gov,Male
Mischa,mbowndeq@oakley.com,Polygender
Sonya,sdelhantyr@nasa.gov,Female
Francisco,febdens@cam.ac.uk,Non-binary
Fairlie,fperellt@oracle.com,Male
Dwayne,dmacskeaganu@washingtonpost.com,Male
Dacie,dfarmloev@rediff.com,Female
Angele,ahelstromw@hc360.com,Female
Bonnie,bbriggsx@sciencedaily.com,Female
Park,prigebyy@businessweek.com,Polygender
Jobey,jskeelesz@dion.ne.jp,Female
Seth,stearny10@cargocollective.com,Male
Deni,dhoff11@prnewswire.com,Polygender
Crawford,cellwell12@free.fr,Male
Janeva,jcrocombe13@cbsnews.com,Female
Layne,lpentlow14@reddit.com,Female
Henrietta,heddis15@skype.com,Genderqueer
Iseabal,ilivingston16@yolasite.com,Female
Rance,radan17@ted.com,Male
Alvina,asicily18@wired.com,Female
Neddie,nabramowitch19@cnn.com,Male
Iain,ibarends1a@mozilla.org,Male
Suzy,srenner1b@alibaba.com,Female
Joly,jenston1c@theatlantic.com,Female
Chloette,cderell1d@baidu.com,Genderqueer
Denny,dstandering1e@google.es,Female
Welbie,wsynnott1f@bbb.org,Genderqueer
Emiline,edoughartie1g@globo.com,Female
Mariejeanne,mdwelley1h@ft.com,Female
Leroi,lmennear1i@globo.com,Male
Devland,dokeevan1j@purevolume.com,Male
Mame,mswiggs1k@altervista.org,Female
Birk,bskipworth1l@psu.edu,Male
Sunny,setchells1m@vimeo.com,Male
Darline,darmfield1n@geocities.com,Female
Jaymie,jbafford1o@delicious.com,Male
Tirrell,tderricoat1p@tmall.com,Male
Gilda,glaven1q@wikipedia.org,Female
Sheilakathryn,smedler1r@webs.com,Female
Jobie,jbrusle1s@hibu.com,Female
Lu,lshurmer1t@smugmug.com,Female
Terri,tbees1u@japanpost.jp,Male
Casie,ckollas1v@imageshack.us,Female
Mattheus,msedgemore1w@rambler.ru,Male
Ilysa,irickardes1x@thetimes.co.uk,Female
Shea,scotgrave1y@senate.gov,Female
Lenard,lwillsmore1z@addthis.com,Male
Ernesta,eknuckles20@sun.com,Female
Pall,ptreves21@about.com,Male
Jo,jpollastrone22@springer.com,Female
Dianna,dtempleton23@tuttocitta.it,Female
Fleurette,fturville24@ebay.co.uk,Female
Jarib,jwalczak25@unesco.org,Male
Faustina,fangood26@washington.edu,Female
Baldwin,binnott27@baidu.com,Male
Lenci,lattrey28@topsy.com,Male
Babb,bmcgarahan29@friendfeed.com,Female
Emelina,emcphelimey2a@sakura.ne.jp,Female
Koren,kswadling2b@salon.com,Female
Herby,hpelos2c@va.gov,Male
Lauri,lcoote2d@rediff.com,Female
Roxanna,rgorcke2e@virginia.edu,Female
Leoline,lstone2f@sciencedaily.com,Female
Annnora,akneale2g@istockphoto.com,Female
Janelle,jconneely2h@flickr.com,Genderqueer
Timothee,tvidgen2i@wunderground.com,Non-binary
Estevan,eleven2j@whitehouse.gov,Male
Wynnie,wvenney2k@studiopress.com,Female
Zondra,zwegenen2l@baidu.com,Female
Berti,bseviour2m@vimeo.com,Polygender
Isa,ihatto2n@mozilla.org,Female
Cecil,cgreetham2o@oaic.gov.au,Female
Merle,mwardhough2p@wikia.com,Female
Lurette,lelger2q@sfgate.com,Female
Olly,obitten2r@usgs.gov,Female
Norbert,nysson2s@walmart.com,Male
Agnella,apeet2t@techcrunch.com,Polygender
Berti,bhutchence2u@dropbox.com,Female
Zechariah,zpettett2v@ebay.com,Male
Raoul,rsquibe2w@weather.com,Agender
Zoe,zgolden2x@soup.io,Female
Hasheem,hwilding2y@deliciousdays.com,Male
Bobby,bfawbert2z@google.nl,Male
Leeland,lpalser30@yolasite.com,Male
Cullan,chawkswell31@answers.com,Male
Belicia,bdelgado32@twitter.com,Female
Cobbie,cgiorgietto33@vistaprint.com,Non-binary
Thayne,tbulluck34@smugmug.com,Male
Kikelia,kmoodie35@google.de,Female
Cheryl,cenevold36@state.tx.us,Female
Elberta,etinan37@hatena.ne.jp,Female
Devon,ddelacour38@geocities.com,Female
Michel,mjouannin39@bbc.co.uk,Male
Celie,cfernyhough3a@bandcamp.com,Female
Monty,msterricker3b@netvibes.com,Male
Robers,rszachniewicz3c@baidu.com,Male
Verna,vharrison3d@nba.com,Female
Sadella,sgreetland3e@feedburner.com,Female
Rene,rsambell3f@symantec.com,Female
Gloriane,ghowcroft3g@yale.edu,Female
Harland,hfont3h@goodreads.com,Male
Cirillo,cbehne3i@disqus.com,Male
Gabrielle,gshurrock3j@umn.edu,Female
Duane,dportingale3k@gnu.org,Male
Arliene,agaunt3l@arizona.edu,Female
Chet,cspragge3m@google.com,Male
Umeko,ucollishaw3n@utexas.edu,Female
West,wroo3o@51.la,Male
Lotti,lgheeraert3p@squidoo.com,Female
Vite,voneal3q@google.co.uk,Male
Pearline,pjewson3r@youtu.be,Female
Davie,dmouton3s@domainmarket.com,Male
Lloyd,lklaessen3t@illinois.edu,Genderfluid
Wendye,wtruelock3u@telegraph.co.uk,Female
Hurley,hkennedy3v@telegraph.co.uk,Male
Alexio,aedelmann3w@ning.com,Male
Mayor,mtruscott3x@deliciousdays.com,Male
Theo,tledgerton3y@skype.com,Male
Constantin,cdelves3z@timesonline.co.uk,Male
Nathanael,nennion40@a8.net,Male
Rudolph,rjays41@nytimes.com,Agender
Milton,mhume42@vistaprint.com,Male
Octavius,osnufflebottom43@sphinn.com,Genderfluid
Stanislas,sstreet44@cam.ac.uk,Male
Beatrisa,byeomans45@europa.eu,Female
Vittorio,vbool46@icq.com,Non-binary
Lavina,lmccook47@ibm.com,Female
Marrissa,mdantoni48@booking.com,Female
Jermaine,jhousiaux49@purevolume.com,Female
Sutherland,sbalchen4a@alexa.com,Male
Davine,dgilhool4b@pen.io,Female
Timmy,talejandri4c@twitpic.com,Male
Rennie,rpiegrome4d@nih.gov,Female
Rachele,rkupker4e@goo.gl,Bigender
Jannel,jedgar4f@facebook.com,Bigender
Myra,morgill4g@ameblo.jp,Female
Rickie,rcadwaladr4h@yellowbook.com,Male
Marius,mmorrice4i@nydailynews.com,Male
Datha,dsuthworth4j@tuttocitta.it,Genderfluid
Brantley,bchalliner4k@umich.edu,Male
Shannan,shalsted4l@hostgator.com,Male
Steward,shainning4m@timesonline.co.uk,Male
Vi,vthome4n@google.fr,Female
Oswald,oriha4o@msn.com,Male
Ange,apilch4p@sphinn.com,Non-binary
Wayland,wbrain4q@nbcnews.com,Male
Viki,vsawnwy4r@who.int,Female
Jackson,jdowderswell4s@biglobe.ne.jp,Male
Laureen,llukock4t@cisco.com,Non-binary
Alleen,aspaducci4u@bbb.org,Female
Ag,adagnan4v@51.la,Female
Orbadiah,owivell4w@freewebs.com,Male
Hailey,hangliss4x@soundcloud.com,Male
Jacquenette,jelnor4y@sina.com.cn,Female
Sapphira,sadame4z@meetup.com,Female
Moe,mshillito50@home.pl,Bigender
Bendicty,bnorssister51@domainmarket.com,Male
Elsworth,eluesley52@edublogs.org,Male
Idalina,iomullan53@freewebs.com,Genderqueer
Carey,cpunshon54@yandex.ru,Male
Kilian,kbilbrey55@jimdo.com,Male
Shelly,scanadas56@chronoengine.com,Female
Judd,jpadrick57@nature.com,Male
Marley,mgilkison58@sitemeter.com,Genderfluid
Wendi,wgianni59@yellowbook.com,Female
Hobart,hashbridge5a@cmu.edu,Male
Hannah,hpummell5b@vinaora.com,Female
Harley,hcragoe5c@ucoz.com,Male
Celia,cmaccallister5d@ustream.tv,Female
Titus,tgildea5e@nsw.gov.au,Male
Tammy,tdowson5f@zimbio.com,Polygender
Koralle,kturfin5g@cdbaby.com,Female
Tim,tkeeri5h@vk.com,Female
Ally,aberrecloth5i@google.com,Female
Niel,neslinger5j@mysql.com,Male
Drugi,darnefield5k@geocities.com,Male
Hallie,hmcclements5l@ehow.com,Female
Happy,hkeeling5m@pcworld.com,Female
Pooh,pfelipe5n@mayoclinic.com,Female
Ody,obanfield5o@flickr.com,Male
Konstantine,khawe5p@msn.com,Male
Chadwick,csturzaker5q@epa.gov,Male
Fanny,ftitchard5r@globo.com,Female
Care,cfeeny5s@biglobe.ne.jp,Male
Atlante,aflowerden5t@wp.com,Female
Esta,epilley5u@bbc.co.uk,Female
Merci,mharget5v@weibo.com,Female
Vern,vteasdalemarkie5w@mozilla.com,Male
Kellby,kkearton5x@joomla.org,Male
Birdie,bhaskur5y@skyrock.com,Female
Derril,dangerstein5z@google.ca,Male
Kate,kdewberry60@multiply.com,Female
Kaila,kelphick61@clickbank.net,Female
Nanon,nmallender62@clickbank.net,Female
Joelynn,jtrencher63@va.gov,Female
Maribel,mleere64@harvard.edu,Female
Rozalie,rbizzey65@marketwatch.com,Female
Cornela,cburmaster66@opensource.org,Female
Jermaine,jlatchmore67@auda.org.au,Female
Abel,aklasen68@alibaba.com,Male
Bryana,bchaston69@marriott.com,Female
Nikola,ngrimoldby6a@reddit.com,Male
Francois,fflipek6b@nymag.com,Male
Quillan,qbruton6c@adobe.com,Male
Hakeem,hwollrauch6d@chronoengine.com,Male
Dino,dsoeiro6e@webeden.co.uk,Genderqueer
Pavel,plangcastle6f@pbs.org,Male
Margalo,mschechter6g@xinhuanet.com,Female
Seumas,smarcinkus6h@umich.edu,Male
Aharon,awhiteford6i@earthlink.net,Male
Arlina,askippon6j@google.de,Female
Querida,qmarklin6k@craigslist.org,Female
Zerk,zweare6l@linkedin.com,Male
Scarlett,sbanane6m@unesco.org,Female
Glynda,gmewett6n@meetup.com,Genderfluid
Martynne,mbarmby6o@nsw.gov.au,Female
Cherlyn,cstubbings6p@gnu.org,Female
Lucille,lbelk6q@mtv.com,Female
Cal,cgrigorkin6r@sogou.com,Male
Nariko,nmcphilemy6s@sakura.ne.jp,Female
Craggie,cpinwill6t@cmu.edu,Male
Sutton,ssahlstrom6u@4shared.com,Male
Davide,dheaslip6v@etsy.com,Male
Marilyn,mpoulson6w@dropbox.com,Female
Rachelle,rkurton6x@irs.gov,Female
Shaylyn,snicklinson6y@bbb.org,Female
Rafferty,rflanne6z@businesswire.com,Male
Gabie,ganthes70@acquirethisname.com,Male
Gaylene,gnorthfield71@indiegogo.com,Female
Alexis,abasten72@washington.edu,Male
Alon,aashtonhurst73@independent.co.uk,Male
Rowen,rmyhill74@pcworld.com,Male
Kiley,kantoons75@prweb.com,Male
Gloria,gdenman76@umich.edu,Female
Ferdinand,fkitchinham77@topsy.com,Male
Harlin,hwoodyeare78@arizona.edu,Male
Randi,rjaeggi79@ovh.net,Female
Isador,icotilard7a@tmall.com,Male
Ansell,asange7b@wikia.com,Male
Jarid,jshorthill7c@imdb.com,Male
Andeee,apursey7d@blinklist.com,Female
Johnathan,jjecks7e@usgs.gov,Male
Madelyn,mbate7f@stumbleupon.com,Female
Enrico,eeasdon7g@addtoany.com,Male
Gavrielle,gdelascy7h@webmd.com,Female
Orbadiah,owaldock7i@g.co,Male
Sullivan,squan7j@a8.net,Male
Colet,cdyka7k@china.com.cn,Male
Ty,tsanto7l@feedburner.com,Male
Roarke,rbuxsey7m@miitbeian.gov.cn,Male
Deloris,dpedro7n@ftc.gov,Female
Starr,sbraiden7o@reddit.com,Female
Dwayne,dnaptine7p@loc.gov,Male
Pernell,pminchin7q@rambler.ru,Male
Shandeigh,sgrzelczak7r@nyu.edu,Genderfluid
Liva,lbagehot7s@creativecommons.org,Female
Carmelina,ckrollman7t@sfgate.com,Female
Jarrid,jollivier7u@smh.com.au,Male
Siana,sosborn7v@imgur.com,Female
Gage,gfairbourn7w@opera.com,Male
Kory,kstiggers7x@mayoclinic.com,Male
Mikaela,mdomini7y@geocities.jp,Female
Denys,dcosta7z@marketwatch.com,Male
Arlyn,aallchorn80@wordpress.com,Female
Shalom,sfolini81@nps.gov,Male
Julie,jwindross82@nydailynews.com,Male
Rodolfo,rwrenn83@freewebs.com,Male
Gretta,gking84@digg.com,Female
Ania,alogg85@nytimes.com,Female
Gordon,gbedome86@berkeley.edu,Male
Bridie,bpotteridge87@webmd.com,Female
Dulcie,djeanon88@businessweek.com,Female
Lonee,lrault89@bloglines.com,Female
Cory,cdoorey8a@altervista.org,Male
Woodrow,wpinkett8b@technorati.com,Male
Glen,gflowitt8c@macromedia.com,Male
Kelsey,kguyver8d@columbia.edu,Female
Talbot,tledamun8e@nps.gov,Agender
Cathlene,cputtrell8f@msn.com,Female
Blinni,bcrain8g@state.tx.us,Female
Jamie,jdarnell8h@mozilla.org,Agender
Ode,ooakhill8i@dell.com,Male
Humberto,hjacobsson8j@independent.co.uk,Male
Maurizia,mbart8k@wikispaces.com,Female
Edeline,ehatcliffe8l@instagram.com,Agender
Mead,mboullen8m@hao123.com,Female
Siouxie,sbalstone8n@infoseek.co.jp,Female
Christye,cburland8o@constantcontact.com,Genderqueer
Valli,vcheco8p@instagram.com,Female
Lyssa,lgrason8q@vistaprint.com,Female
Susanetta,ssnashall8r@liveinternet.ru,Polygender
Domenico,dcay8s@sourceforge.net,Male
Suki,sbarnson8t@squidoo.com,Female
Benedetto,bcromer8u@gov.uk,Male
Annabal,abartles8v@angelfire.com,Female
Sayre,sglide8w@tiny.cc,Female
Melony,mties8x@home.pl,Female
Jay,jplayle8y@homestead.com,Male
Reese,rdeguise8z@comcast.net,Male
Zea,zwortman90@sitemeter.com,Genderfluid
Carlin,ckembley91@canalblog.com,Female
Tybie,tyven92@go.com,Female
Kimberly,kpressnell93@nymag.com,Genderqueer
Adelheid,areinger94@ca.gov,Female
Mickey,mleipold95@indiegogo.com,Male
Doralynne,dgulberg96@geocities.com,Female
Nolie,nkesley97@marketwatch.com,Female
Bone,bwescott98@zimbio.com,Genderfluid
Berke,bwetherell99@ibm.com,Male
Olga,oandrieux9a@chron.com,Female
Audrie,atournay9b@google.de,Female
Coleman,challt9c@dyndns.org,Male
Carolyn,cstormes9d@yandex.ru,Female
Onfre,osellor9e@wix.com,Male
Dennet,dgorriessen9f@cpanel.net,Male
Rodi,rfochs9g@dion.ne.jp,Female
Joannes,jglasscoo9h@technorati.com,Female
Noby,nbradwell9i@walmart.com,Male
Gordy,garnold9j@admin.ch,Male
Clovis,cusmar9k@dedecms.com,Female
Davy,dmatveyev9l@cbsnews.com,Male
Aile,apuleque9m@e-recht24.de,Female
Jacqui,jpitman9n@sbwire.com,Female
Axe,astorr9o@yellowbook.com,Male
Angy,amcmenemy9p@sfgate.com,Female
Odey,olongley9q@ucoz.com,Male
Stern,shiscoke9r@sitemeter.com,Male
Bent,bduetschens9s@kickstarter.com,Male
Thorndike,tsummerlee9t@pinterest.com,Male
Jeannie,jmullany9u@technorati.com,Female
Terry,tmcowan9v@shinystat.com,Male
Marnie,mmyers9w@unesco.org,Female
Libbey,lbagehot9x@sun.com,Female
Bunni,bkrabbe9y@arstechnica.com,Female
Sarette,srintoul9z@oracle.com,Female
Henrieta,hpulhama0@delicious.com,Female
Elladine,eboldraa1@4shared.com,Female
Shirley,sdareya2@meetup.com,Female
Rozanne,rfazziolia3@kickstarter.com,Female
Letta,lbarnfathera4@businessweek.com,Female
Alard,acellonea5@rediff.com,Male
Simona,scottesforda6@dell.com,Female
Orelie,otackleya7@tripod.com,Female
Alford,acasoa8@state.tx.us,Male
Fletch,fcanetea9@china.com.cn,Male
Melodie,madshedeaa@nifty.com,Female
Shirline,ssprayab@arstechnica.com,Female
Emelina,emiroyac@imgur.com,Female
Alejandrina,amaccrawad@washington.edu,Female
Lela,lcropae@soup.io,Female
Tanitansy,tmaruszewskiaf@zimbio.com,Non-binary
Holly,heddowesag@google.fr,Male
Franni,fbrittah@themeforest.net,Genderfluid
Barri,bknollerai@purevolume.com,Male
Liane,lchidgeyaj@de.vu,Female
Lillian,lhousamak@blog.com,Female
Kay,kschustal@prweb.com,Female
Whit,wbowskillam@webnode.com,Male
Lacee,lralphsan@shareasale.com,Female
Bern,beydenao@scientificamerican.com,Male
Noby,njuggingsap@ted.com,Male
Peter,pwoontonaq@un.org,Male
Eveleen,einderar@squarespace.com,Female
Lorne,ljennoas@myspace.com,Female
Emelen,egiacopelloat@themeforest.net,Male
Fedora,fsunshineau@t.co,Agender
Dore,dstanistreteav@spotify.com,Male
Doreen,dgiddonsaw@ebay.co.uk,Female
Jammal,jredwallax@nifty.com,Male
Nanni,nbletsoay@printfriendly.com,Non-binary
Samson,sconnerryaz@jigsy.com,Male
Bruno,bbarnhillb0@yellowpages.com,Male
Sheryl,ssidebothamb1@cbc.ca,Female
Aridatha,awordleyb2@microsoft.com,Female
Maximilien,mquestierb3@devhub.com,Male
Dimitry,dshovellerb4@hc360.com,Male
Caleb,cpavlatab5@comsenz.com,Polygender
Derrek,dlashmoreb6@flickr.com,Male
Aleece,abosherb7@cnn.com,Female
Mischa,mduredenb8@pen.io,Male
Myrle,mmillamb9@mediafire.com,Female
Merlina,mproswellba@php.net,Female
Corrie,ckovalskibb@ycombinator.com,Male
Jesse,jpepperillbc@answers.com,Female
Sandi,sbearnebd@skype.com,Female
Guthrie,gabysbe@cargocollective.com,Male
Zandra,zdunthornebf@prnewswire.com,Female
Boyce,bmoreybg@businesswire.com,Male
Vevay,vdilkebh@discovery.com,Female
Karie,kbodessonbi@purevolume.com,Female
Evelin,egoldringbj@delicious.com,Male
Junette,jhagardbk@abc.net.au,Genderqueer
Hyatt,hprintbl@mashable.com,Male
Trixi,tsuettbm@istockphoto.com,Non-binary
Gavin,grawlisonbn@fastcompany.com,Male
Clerc,cplantebo@amazon.co.uk,Male
Vickie,vduddlebp@posterous.com,Female
Claiborne,ccastillebq@reference.com,Male
Hendrik,hcarolinebr@tinyurl.com,Polygender
Bria,bsmeethbs@opera.com,Female
Marve,msussamsbt@cam.ac.uk,Male
Francois,fparradyebu@ebay.co.uk,Male
Modestine,mspowagebv@blogtalkradio.com,Female
Adi,asealeybw@freewebs.com,Female
Haslett,hjeanneaubx@hostgator.com,Male
Margeaux,mjudenby@reddit.com,Female
Alaric,arickwordbz@scribd.com,Male
Talbot,tbirchettc0@skype.com,Male
Brew,bmattionic1@deliciousdays.com,Male
Willyt,wmacredmondc2@reddit.com,Female
Rodrick,rarnoultc3@mysql.com,Male
Claudell,cparlettc4@reference.com,Male
Breena,badamowiczc5@nbcnews.com,Female
Farlay,fdyneleyc6@linkedin.com,Male
Del,dferreirac7@people.com.cn,Male
Karole,kslarkec8@dell.com,Female
Barri,bmelonbyc9@cmu.edu,Male
Roman,rmicallefca@samsung.com,Male
Anestassia,adredgecb@sciencedaily.com,Female
Sukey,sgabecc@timesonline.co.uk,Female
Lalo,lrabbetcd@timesonline.co.uk,Male
Roderigo,rbolsoverce@oracle.com,Male
Philippe,plavillecf@furl.net,Female
Wallas,wvallentincg@census.gov,Male
Lambert,lnancekivellch@linkedin.com,Male
Kellby,ksivellci@toplist.cz,Male
Morris,mpaolinellicj@sohu.com,Male
Aubrette,aklicheck@biglobe.ne.jp,Female
Lisle,llenniecl@java.com,Male
Anjanette,abraggintoncm@histats.com,Female
Clem,clishmancn@wiley.com,Male
Karia,kspringhamco@zimbio.com,Female
Muffin,mblackboroughcp@spiegel.de,Male
Kaylil,kstofflercq@skyrock.com,Female
Maisey,mbyhamcr@rakuten.co.jp,Female
Justinian,joclearycs@baidu.com,Male
Maurise,mroglieroct@list-manage.com,Male
Sanson,ssamworthcu@nyu.edu,Non-binary
Addy,agegguscv@digg.com,Female
Claretta,chutsoncw@marriott.com,Female
Lorri,lcumberscx@answers.com,Female
Janice,jhatherleycy@theguardian.com,Female
Goldy,gjoannidicz@fastcompany.com,Female
Davidde,dwynchd0@illinois.edu,Male
Gretna,gkrused1@hp.com,Female
Myrwyn,mverbeked2@artisteer.com,Male
Freeland,fmcgrahd3@bbb.org,Male
Asher,abrissond4@imageshack.us,Male
Jonah,jgoodissond5@tripadvisor.com,Male
Elsy,eculletond6@surveymonkey.com,Female
Chick,cfitzmauriced7@house.gov,Male
Peadar,pdobsond8@symantec.com,Male
Chalmers,cfarmerd9@wunderground.com,Male
Shandy,sillsleyda@google.ca,Female
Orv,odelanydb@merriam-webster.com,Male
Valaria,vellerkerdc@webs.com,Female
Derward,dkitchingmandd@scientificamerican.com,Male
Ilka,ilostyde@biglobe.ne.jp,Female
Delainey,dambrodidf@cdbaby.com,Male
Naoma,nbengoughdg@51.la,Female
Jude,jwarcopdh@arizona.edu,Male
Normy,nappledi@mit.edu,Male
Hadlee,hbeadesdj@trellian.com,Male
Jessamyn,jlintilldk@nih.gov,Female
Edin,etallentdl@chron.com,Female
Burgess,bwardlowdm@last.fm,Male
Niel,nleithgoedn@miibeian.gov.cn,Bigender
Chicky,ctaborddo@wikipedia.org,Female
Rhonda,rtroakedp@google.com.br,Female
Munmro,mesomedq@histats.com,Genderfluid
Rudiger,rfleydr@skyrock.com,Male
Theodore,tbaseyds@smugmug.com,Male
Alvis,achessundt@virginia.edu,Male
Dehlia,dgaggdu@reference.com,Female
Burty,bbrentondv@nationalgeographic.com,Male
Brok,bmoyledw@aboutads.info,Male
Francklyn,fgavriellydx@nih.gov,Male
Kennith,ksholemdy@go.com,Male
Sly,sjasiakdz@adobe.com,Male
Lorie,lmanifolde0@imgur.com,Female
Gordie,gpyatte1@nature.com,Genderfluid
Ashien,awathene2@google.ru,Female
Alicea,ablazeke3@macromedia.com,Female
Deny,dskillmane4@mail.ru,Bigender
Christoforo,csybbee5@slashdot.org,Male
Tobias,tstirzakere6@dyndns.org,Male
Alejandrina,atootelle7@com.com,Female
Gherardo,gegdalee8@blogs.com,Male
Hagan,hlivezleye9@macromedia.com,Male
Alene,aferschkeea@java.com,Female
Rochell,rbalazseb@goo.ne.jp,Female
Jason,jhardbattleec@about.com,Male
Conroy,ccaesmaned@csmonitor.com,Male
Justine,jmerringee@aboutads.info,Female
Danny,dpetrielloef@ted.com,Male
Idelle,iscaysbrookeg@yahoo.com,Female
Bobbe,bplayereh@cnbc.com,Female
Dermot,dmorysonei@youtu.be,Male
Beniamino,bferreoej@gnu.org,Male
Farris,fshevelsek@amazon.com,Male
Ruthie,rhadrillel@nymag.com,Female
Gaby,gleyrroydem@cbc.ca,Female
Malorie,mgouldebyen@dedecms.com,Female
Regan,ravoeo@yellowbook.com,Male
Elna,ehawksbyep@ask.com,Female
Pearce,porriceeq@reddit.com,Male
Anna,ahiscokeer@disqus.com,Female
Chantalle,cdunkerlyes@unesco.org,Female
Susanne,sdarkoet@cnbc.com,Female
Veronika,vrutiglianoeu@facebook.com,Female
Jazmin,jdomesdayev@cornell.edu,Female
Trace,tgrugerrew@seattletimes.com,Polygender
Thomasine,tspunerex@storify.com,Female
Davie,dtivolierey@yahoo.co.jp,Male
Ursuline,ubutterlyez@privacy.gov.au,Female
Brigham,blindenboimf0@smugmug.com,Male
Chanda,caylmoref1@uiuc.edu,Genderfluid
Angelia,achastanf2@blogger.com,Female
Antonius,abalogf3@harvard.edu,Male
Stephine,sfurnissf4@yahoo.co.jp,Female
Janela,jslopierf5@illinois.edu,Female
Reyna,rfooterf6@hp.com,Female
Brandon,bbaxstarf7@google.com.hk,Male
Nevsa,nconeronf8@tuttocitta.it,Female
Kelci,kkyttorf9@youtu.be,Female
Estrellita,epedrickfa@cam.ac.uk,Female
Corly,chazeldenefb@google.pl,Female
Giordano,gosgodbyfc@blogtalkradio.com,Polygender
Latrena,lgobolosfd@sakura.ne.jp,Female
Judi,jschermefe@europa.eu,Female
Sapphire,sprobbingsff@qq.com,Female
Lura,lkitcattfg@yale.edu,Female
Vachel,vwinmanfh@bbb.org,Male
Jacquelyn,jparysownafi@sina.com.cn,Female
Andros,ahourstonfj@answers.com,Genderqueer
Park,pbushrodfk@nationalgeographic.com,Male
Elfrida,ebackesfl@state.tx.us,Female
Nico,ncuddfm@home.pl,Male
Monroe,mscamerdinefn@xing.com,Male
Nadya,nhatherleighfo@umn.edu,Female
Sigismund,sripponfp@jalbum.net,Male
Trixy,tfulopfq@theatlantic.com,Female
Gualterio,gtomaszkiewiczfr@un.org,Male
Jemimah,jbaystonfs@ovh.net,Female
Joy,jruffellft@about.com,Female
Teresina,thargeriefu@merriam-webster.com,Non-binary
Prudy,pduckhousefv@miitbeian.gov.cn,Female
Wilie,wstpierrefw@businessweek.com,Female
Carly,credmillefx@uiuc.edu,Female
Bev,breeveleyfy@deviantart.com,Female
Star,sborerfz@barnesandnoble.com,Female
Lucila,lbutlerbowdong0@howstuffworks.com,Polygender
Clotilda,cdunbletong1@salon.com,Genderfluid
Ogdan,odietzlerg2@boston.com,Male
Marcella,mhazeldineg3@time.com,Female
Brock,bshearmang4@vinaora.com,Male
Karol,kbenckg5@jiathis.com,Female
Quent,qlowdesg6@lycos.com,Male
Verney,vraywoodg7@ezinearticles.com,Male
Trudi,tsavileg8@tuttocitta.it,Female
Townsend,thymerg9@moonfruit.com,Male
Frazer,fstrattenga@go.com,Male
Vilhelmina,vfairngb@deliciousdays.com,Female
Jeni,jmicheletgc@parallels.com,Female
Northrup,ncoultasgd@shutterfly.com,Male
Luce,lmaiorge@adobe.com,Male
Simonne,sbossegf@youtube.com,Female
Leeland,lrobardleygg@usa.gov,Male
Dewie,dazemagh@mail.ru,Male
Vinita,vseerygi@jiathis.com,Female
Gerome,gspowardgj@blogger.com,Male
Rodrigo,rwestmoregk@tmall.com,Male
Caresa,cyerlettgl@example.com,Female
Arnie,amathiegm@lycos.com,Male
Taite,tearneygn@wiley.com,Male
Erwin,ebottengo@gov.uk,Agender
Urbano,udemichelegp@accuweather.com,Male
Sidney,scrummiegq@people.com.cn,Male
Cad,cgovinigr@purevolume.com,Male
Thayne,twhenmangs@bigcartel.com,Male
Lelah,lboategt@github.io,Female
Darlleen,dsandlandgu@boston.com,Female
Ozzie,ocastiellogv@rediff.com,Male
Zahara,zcoalbrangw@omniture.com,Female
Stella,sdannelgx@bravesites.com,Female
Cesare,ceusdengy@mapy.cz,Male
Laina,lschiementzgz@bing.com,Female
Collete,cpotburyh0@taobao.com,Female
Delainey,dangellh1@earthlink.net,Polygender
Gothart,glaybornh2@marriott.com,Male
Guinevere,gsnassellh3@bloomberg.com,Female
Jehu,jgradonh4@cdc.gov,Non-binary
Leia,lwillattsh5@shop-pro.jp,Female
Tucky,tweedh6@cargocollective.com,Male
Clarance,cmcilwaineh7@mapy.cz,Male
Jessey,jsoldanh8@linkedin.com,Male
Elmer,eoclovanh9@g.co,Male
Ginevra,glainha@instagram.com,Female
Calida,cmccafferkyhb@gravatar.com,Female
Neila,nvasilehc@sphinn.com,Female
Helen,hcardehd@nytimes.com,Female
Arvy,acabedohe@msn.com,Male
Morly,mmcshirriehf@sina.com.cn,Male
Kailey,kfumagallhg@theglobeandmail.com,Female
Lisha,lkyllfordhh@live.com,Female
Janela,jtoopinhi@foxnews.com,Female
Ailey,amauricehj@usgs.gov,Female
Freeland,fmcgilbonhk@miitbeian.gov.cn,Male
Sharron,sworsnuphl@state.tx.us,Non-binary
Bentley,bstoyleshm@tripod.com,Male
Elnar,egreenanhn@omniture.com,Male
Jessie,jpedlarho@symantec.com,Female
Brooke,bdarlassonhp@census.gov,Male
Vyky,vziemsenhq@scribd.com,Female
Sonia,smattingsonhr@yelp.com,Female
Zora,zbuglerhs@themeforest.net,Female
Del,dkendleht@army.mil,Male
Bear,bdavidovskyhu@elpais.com,Male
Dudley,dbollamhv@marketwatch.com,Male
Tiffi,tmattiazzohw@skype.com,Female
Trude,tbloomhx@homestead.com,Female
Ugo,uplacstonehy@yellowbook.com,Male
Gerhardt,gbampforthhz@bbb.org,Male
Pablo,pscrigmouri0@nyu.edu,Male
Marguerite,mallsworthi1@netvibes.com,Female
Fabe,fsatyfordi2@google.nl,Male
Tommy,tobyrnei3@mit.edu,Male
Jamey,jhastini4@hao123.com,Male
Roselin,rreasoni5@storify.com,Female
Belva,bloughani6@si.edu,Female
Gwenny,gbenoii7@abc.net.au,Female
Mallissa,mstannislawskii8@google.com.au,Female
Mitchel,mbecclesi9@over-blog.com,Male
Kellby,kduffillia@spotify.com,Male
Allyn,acostainib@kickstarter.com,Male
Cristal,cgareyic@ftc.gov,Female
Charita,ccopcoteid@friendfeed.com,Female
Seymour,sdugaldie@nbcnews.com,Male
Angeline,akelleyif@topsy.com,Female
Upton,ufidoig@rambler.ru,Male
Emili,eokaneih@mashable.com,Female
Meredith,mhartinii@aol.com,Male
Jarrid,jmelluishij@is.gd,Male
Land,lcahnik@wufoo.com,Male
Yvon,yfouchil@auda.org.au,Male
Nicolea,neannettaim@soundcloud.com,Female
Douglass,djoyin@aol.com,Male
Rea,rvalentinoio@booking.com,Non-binary
Coraline,ccaitlinip@desdev.cn,Female
Johanna,jfoatiq@ucla.edu,Female
Nike,naureliusir@marriott.com,Female
Doralynn,dyveis@narod.ru,Female
Tine,tbloggettit@reuters.com,Female
Doralia,dlattyiu@alibaba.com,Female
Gallard,gsponderiv@cafepress.com,Male
Laney,lhuskeiw@wordpress.com,Male
Franny,fstickneyix@microsoft.com,Male
Banky,bsmorthitiy@pbs.org,Male
Jeff,jbuckleighiz@theglobeandmail.com,Male
Royal,rcratchleyj0@usnews.com,Male
Alexandra,ascoginj1@cam.ac.uk,Female
Tore,tludyej2@telegraph.co.uk,Male
Mortimer,mravenshearj3@nsw.gov.au,Male
Locke,lmadrej4@statcounter.com,Male
Elisabeth,eaindriuj5@ucoz.com,Female
Rodolph,rkaesj6@tripadvisor.com,Male
Rebbecca,rnancarrowj7@army.mil,Female
Had,hduddanj8@weebly.com,Male
Cody,ccamillettij9@theguardian.com,Female
Wyndham,wlainja@bing.com,Male
Dulci,drexjb@51.la,Female
Lyell,lcostleyjc@theguardian.com,Male
Selig,spaysjd@technorati.com,Male
Alastair,abrokerje@sun.com,Male
Travis,tillingsworthjf@dedecms.com,Male
Diandra,dsilverthornejg@ox.ac.uk,Female
Gordy,gpurkisjh@symantec.com,Male
Leola,lerikji@ask.com,Polygender
Bradford,bbillinjj@themeforest.net,Male
Mindy,mzanardiijk@rediff.com,Female
Cobb,cearyjl@archive.org,Male
Else,ebruinjm@telegraph.co.uk,Female
Bernadina,bslipperjn@myspace.com,Genderfluid
Myron,mlemmenjo@usatoday.com,Male
Anne,akeeljp@blogspot.com,Female
Terry,tygoejq@issuu.com,Female
Piggy,pgammettjr@senate.gov,Male
Geraldine,gbaggalleyjs@geocities.jp,Female
Jed,jgarriganjt@quantcast.com,Male
Roselle,rslimmonju@sakura.ne.jp,Female
Merci,mkeppejv@desdev.cn,Female
Burl,bbarbischjw@reference.com,Agender
Flori,flongfutjx@istockphoto.com,Female
Matthias,mjedrysjy@wikimedia.org,Male
Thom,tdumphyjz@themeforest.net,Male
Seymour,sswayslandk0@google.pl,Male
Skippie,sespinalk1@51.la,Male
Kareem,krecordk2@ameblo.jp,Male
Kimbell,kbidewelk3@macromedia.com,Male
Micheline,mrubenchikk4@virginia.edu,Female
Merilee,msabbenk5@ask.com,Female
Rachael,rprimek6@cdbaby.com,Female
Waly,wbrigstockk7@ow.ly,Female
Perri,pdockrellk8@oakley.com,Female
Gena,gfrowk9@statcounter.com,Female
Albertine,adrydenka@behance.net,Female
Jeanette,jsiehardkb@howstuffworks.com,Female
Annabelle,aroncellikc@opensource.org,Female
Rosaleen,randrockkd@nps.gov,Female
Jervis,jwizke@myspace.com,Male
Levi,ljosskf@dyndns.org,Male
Clary,czorzuttikg@t.co,Female
Cathe,cewankh@msu.edu,Female
Aldo,asouleki@hc360.com,Bigender
Jefferey,jhaizeldenkj@gizmodo.com,Male
Ainsley,aloomiskk@auda.org.au,Female
Danie,dlittlemorekl@acquirethisname.com,Male
Jeffry,jfissendenkm@altervista.org,Male
Roanne,rdreossikn@unblog.fr,Female
Hurlee,htrussko@spiegel.de,Male
Timothee,tkermitkp@google.fr,Male
Saundra,sfolleykq@epa.gov,Female
Teodoor,tmughalkr@nps.gov,Male
Jim,jgrabehamks@va.gov,Male
Karlan,khulcoopkt@nbcnews.com,Male
Jermain,jparringtonku@state.tx.us,Male
Langsdon,lloachheadkv@typepad.com,Male
Milissent,mdevonkw@etsy.com,Female
Trace,tdunstonekx@freewebs.com,Genderqueer
Lani,legeky@dion.ne.jp,Female
Regan,roenkz@newsvine.com,Male
Marcille,mmuzzinil0@icio.us,Female
Alexandros,acullingtonl1@vimeo.com,Male
Vince,vdalmonl2@barnesandnoble.com,Male
Marieann,mflippenl3@dion.ne.jp,Female
Maridel,mandrosikl4@yelp.com,Female
Monro,mprescottl5@amazon.de,Male
Obed,opittendreighl6@businessinsider.com,Male
Rochelle,rmillichipl7@wiley.com,Female
Ignace,ivoicel8@live.com,Polygender
Silas,sjenkersonl9@squidoo.com,Male
Leanora,lemertonla@mysql.com,Female
Caroline,cingslb@zdnet.com,Female
Ab,abenazetlc@jiathis.com,Male
Leonanie,lmccahillld@amazon.co.uk,Female
Alexandr,aduckerinle@devhub.com,Male
Sheilakathryn,snetleylf@deviantart.com,Female
Gretta,grupprechtlg@hhs.gov,Female
Merill,mbradwelllh@hubpages.com,Male
Lacie,lmakerli@disqus.com,Female
Jeniffer,jfarloelj@geocities.jp,Female
Margeaux,myellowlealk@abc.net.au,Female
Ulises,uyarmouthll@ihg.com,Male
Elsworth,esiddelllm@jiathis.com,Genderfluid
Conni,cbreawoodln@canalblog.com,Female
Jaclin,jjerroldlo@netscape.com,Female
Kathrine,kbastonlp@independent.co.uk,Female
Dedra,dpotteridgelq@google.com,Female
Levey,lshambrookelr@ftc.gov,Male
Cassey,ccosterdls@comcast.net,Female
Daryl,dtaceylt@com.com,Female
Courtnay,cgilbeylu@nps.gov,Female
Shanta,sosheilslv@phpbb.com,Female
Nichols,nvispolw@springer.com,Male
Belvia,brogeonlx@google.com.au,Female
Estrellita,ebaxandallly@home.pl,Female
Danyelle,deasbielz@businesswire.com,Female
Rachelle,rcamoysm0@spiegel.de,Female
Ignacio,imedlarm1@google.com.hk,Male
Lowrance,laseefm2@vistaprint.com,Male
Phyllis,pbennellickm3@aol.com,Female
Demetrius,dgoatcherm4@hexun.com,Male
Davey,dpetkensm5@flavors.me,Genderfluid
Bettina,bcastillom6@blog.com,Female
Mina,mlawlym7@merriam-webster.com,Female
Jasper,jtaudevinm8@moonfruit.com,Male
Horton,hoagerm9@cbslocal.com,Male
Monte,mkleinsmuntzma@upenn.edu,Male
Brina,bkellawaymb@technorati.com,Female
Erick,etattersmc@typepad.com,Bigender
Gothart,gkirkbridemd@skype.com,Male
Farrel,fpelzerme@nydailynews.com,Male
Delila,dmacgaheymf@theatlantic.com,Female
Forrester,fmingayemg@accuweather.com,Male
Susie,sgodleymh@rambler.ru,Polygender
Dex,djewisemi@imgur.com,Male
Kay,kmcglashanmj@fema.gov,Female
Pren,plearymk@sciencedirect.com,Male
Shelia,sdannehlml@bigcartel.com,Female
Queenie,qlalondemm@geocities.com,Female
Feodora,flardermn@eepurl.com,Female
Welch,wgadmanmo@yellowpages.com,Male
Justinian,jmckennanmp@europa.eu,Male
Aigneis,amackriellmq@goodreads.com,Female
Anthia,adymentmr@huffingtonpost.com,Female
Zach,zstanlockms@japanpost.jp,Male
Galven,gsatemt@wikipedia.org,Male
Jeramey,jrudgemu@fda.gov,Male
Fae,ftethcotemv@unc.edu,Female
Jaquenette,jabramskymw@java.com,Bigender
Vittorio,vsprigginmx@guardian.co.uk,Male
Munmro,mphilotmy@purevolume.com,Male
Killy,kkileymz@blogspot.com,Male
Jemima,jparkmann0@indiatimes.com,Bigender
Derrik,dmcclintonn1@ucla.edu,Polygender
Trey,tguiteln2@hibu.com,Polygender
Merrick,mchidlown3@deviantart.com,Male
Rosaline,rmiltonwhiten4@cmu.edu,Female
Marianna,mcapronn5@last.fm,Female
Trula,tmooresn6@oakley.com,Female
Reese,rlittlejohnsn7@google.com,Male
Michell,mflynnn8@hexun.com,Female
Nehemiah,nmclainen9@icq.com,Male
Korey,kjakoubecna@cnet.com,Male
Tannie,tsergeauntnb@deliciousdays.com,Male
Ansley,acicconenc@51.la,Female
Vasilis,vhardeynd@army.mil,Male
Robbie,rdinehartne@mediafire.com,Male
Clemente,callistonnf@miitbeian.gov.cn,Male
Vittorio,vmortellng@theatlantic.com,Male
Toddie,tgrubynh@shinystat.com,Male
Udale,uganfortheni@seattletimes.com,Male
Penny,psaffellnj@qq.com,Male
Halley,hscroggsnk@g.co,Female
Rich,rpetersennl@smugmug.com,Male
Cull,cprandonm@nifty.com,Male
Husein,hnoteyoungnn@bing.com,Male
Lara,lpendridno@webmd.com,Female
Baron,bthornewillnp@comsenz.com,Male
Adriane,acurtaynenq@opera.com,Female
Odelle,opinernr@domainmarket.com,Female
Ian,itourryns@goo.gl,Non-binary
Nicky,nsemechiknt@biblegateway.com,Male
Jennette,jflackenu@cloudflare.com,Female
Jard,jvliesnv@lycos.com,Male
Leoine,ljoinsonnw@utexas.edu,Female
Markus,mbohlensnx@smh.com.au,Male
Pammi,pwattonny@boston.com,Female
Devinne,dmencenz@weather.com,Female
Buiron,bzecchinellio0@adobe.com,Male
Barde,bcacacieo1@yelp.com,Male
Suellen,sphilbrooko2@ft.com,Female
Yasmeen,yjallino3@ycombinator.com,Polygender
Nettie,nrudigero4@drupal.org,Female
Duff,dtotto5@wikimedia.org,Male
Dalt,dhordello6@multiply.com,Male
Garrek,gvanbrugho7@mtv.com,Polygender
Boniface,bwoodroffo8@house.gov,Genderfluid
Mordy,mfreakeo9@soundcloud.com,Male
Meryl,mwrothoa@360.cn,Male
Annabella,acronkob@google.ru,Female
Ansell,aforthoc@amazonaws.com,Male
Gan,gsinnockod@ucoz.ru,Male
Chet,ctidboldoe@stanford.edu,Male
Mickey,mdeblasioof@amazon.co.uk,Male
Gayel,gapflerog@wikispaces.com,Female
Ola,ogrinsteadoh@theglobeandmail.com,Female
Britni,bpeetoi@ycombinator.com,Female
Carmelle,ccasadooj@cdc.gov,Female
Julius,jmaccurleyok@storify.com,Male
Gabi,gsilversmidol@behance.net,Female
Bamby,brozeaom@illinois.edu,Female
Darwin,dbraddickon@slate.com,Male
Waylin,wklezmskioo@cmu.edu,Male
Ruddie,rcadleop@chronoengine.com,Male
Giulio,gcattralloq@ow.ly,Bigender
Shelley,sfilipczakor@amazon.com,Female
Milton,mlandrickos@xrea.com,Male
Vale,vscotterot@google.fr,Female
Nadiya,npoleyeou@cisco.com,Female
Haslett,hkeggov@aol.com,Male
Rona,roldcroftow@tinypic.com,Female
Carree,cdashperox@miitbeian.gov.cn,Female
Rafael,rpurringtonoy@i2i.jp,Male
Vinni,vcurrelloz@wisc.edu,Female
Morgen,mlorrowayp0@si.edu,Male
Ingamar,ibiltonp1@accuweather.com,Male
Richard,rcurneenp2@miibeian.gov.cn,Non-binary
Alix,aclinkardp3@xrea.com,Female
Zia,zstruisp4@mashable.com,Female
Jasmine,jwreightp5@cargocollective.com,Female
Kleon,katkirkp6@wufoo.com,Male
Elnar,eswalteridgep7@unesco.org,Male
Pavel,plaffranconip8@scientificamerican.com,Male
Forrester,froubottomp9@1688.com,Male
Pietra,pnisbithpa@flickr.com,Genderqueer
Patric,psheerepb@cloudflare.com,Male
Eustace,ejoontjespc@admin.ch,Male
Laurella,lpiechapd@geocities.com,Female
Bartel,bgiggpe@nba.com,Male
Chelsey,claydonpf@prweb.com,Female
Harriet,hhairyespg@geocities.jp,Genderfluid
Nefen,ncanizaresph@squarespace.com,Male
Klarika,kwrettumpi@angelfire.com,Female
Jabez,jemmenspj@ted.com,Male
Portie,ptreharnepk@nyu.edu,Male
Jud,jbabbagepl@nasa.gov,Male
Gav,gjolinpm@dot.gov,Male
Meredith,mmarrowpn@vistaprint.com,Male
Rycca,rcowthardpo@smh.com.au,Female
My,mmcgeachypp@earthlink.net,Male
Wallie,wgaylorpq@google.pl,Male
Jard,jgermannpr@bing.com,Male
Melva,mjockleps@gravatar.com,Female
Dick,dlondorspt@upenn.edu,Male
Ashley,arockwellpu@europa.eu,Female
Antoine,aseamerpv@flickr.com,Male
Conrade,cglasscoopw@imgur.com,Male
Livvy,lkimbroughpx@forbes.com,Female
Marena,mpurplepy@tripadvisor.com,Female
Davie,dpidonpz@wiley.com,Male
Isaiah,irudhamq0@tripadvisor.com,Male
Vittoria,vdilrewq1@w3.org,Female
Skyler,spenmanq2@mlb.com,Agender
Ernie,ewaulkerq3@yandex.ru,Agender
Kylen,kdeaveq4@163.com,Female
Brianna,bstapelsq5@army.mil,Female
Thibaud,tdeeq6@dmoz.org,Male
Letisha,lalpeq7@vinaora.com,Female
Madlin,mnelthorpq8@go.com,Female
Ker,khiskeyq9@shutterfly.com,Agender
Walt,wmcgeneayqa@goo.ne.jp,Male
Erie,ecoppoqb@jimdo.com,Male
Barry,bocalleranqc@mlb.com,Male
Reginauld,rjaggiqd@globo.com,Agender
Bank,bmcwardqe@networkadvertising.org,Male
Hope,hspencersqf@ask.com,Female
Hyman,hkearnqg@quantcast.com,Male
Teodora,teskrickqh@shinystat.com,Non-binary
Hyman,halesbrookqi@un.org,Male
Gaylord,gsquireqj@ucla.edu,Male
Judas,jbelfordqk@ning.com,Male
Lucy,lhawleyql@telegraph.co.uk,Female
Skipper,sslaneqm@hhs.gov,Male
Corny,choyleqn@google.ru,Female
Arvin,amckernqo@csmonitor.com,Male
Neala,nlibrerosqp@issuu.com,Female
Sigmund,skasselqq@rediff.com,Male
Carney,cgarlandqr@slideshare.net,Male
Carroll,cbraineqs@nature.com,Bigender
Timothy,tcarwardineqt@engadget.com,Male
Roxy,rlivensqu@army.mil,Female
Simona,smenloeqv@amazon.co.jp,Genderfluid
Norine,nspincksqw@surveymonkey.com,Female
Darius,dboshardqx@soundcloud.com,Male
Shem,soloinnqy@chronoengine.com,Male
Saxe,sdonoqz@si.edu,Bigender
Alexina,adelwaterr0@ebay.com,Female
Blinni,btinglyr1@globo.com,Female
Catherine,cmuzzinir2@nbcnews.com,Female
Rubin,rgerredr3@google.nl,Male
Franciskus,fbrooker4@nsw.gov.au,Male
Sascha,sdagnanr5@narod.ru,Male
Jerad,jkwietakr6@archive.org,Male
Axe,aiowarchr7@uol.com.br,Male
Karalee,kcarillor8@feedburner.com,Female
Godiva,gdelongr9@ucla.edu,Female
Revkah,rnoyesra@google.co.jp,Female
Ebba,ecornerrb@economist.com,Female
Betta,bgledhillrc@comcast.net,Female
Bamby,bjedrysikrd@nyu.edu,Female
Rea,rborgnere@mashable.com,Female
Nev,nhamsharrf@godaddy.com,Male
Arden,afullickrg@cyberchimps.com,Female
Selina,smcgunleyrh@4shared.com,Female
Bern,bblebyri@vistaprint.com,Male
Phyllys,pmaryetrj@list-manage.com,Female
Walliw,wbrahamsrk@mayoclinic.com,Agender
Christiano,cdampierrl@shop-pro.jp,Genderfluid
Gardy,glongdenrm@gnu.org,Male
Chere,cgonzalvorn@salon.com,Female
Lorry,lmackimro@businessinsider.com,Male
Taffy,tscawnrp@netscape.com,Female
Veronique,vbolanrq@rambler.ru,Female
Tailor,tschulkenrr@webs.com,Male
